attack,attack_type,theta_radians,message_state,x1_operator,fidelity_F_G,m,acceptance_probability,detection_probability,uses_orthogonal_2_to_minus_m_special_case
I,identity,N/A,+,X,1.0,1,1.0,0.0,False
I,identity,N/A,+,X,1.0,2,1.0,0.0,False
I,identity,N/A,+,X,1.0,4,1.0,0.0,False
I,identity,N/A,+,X,1.0,8,1.0,0.0,False
I,identity,N/A,+,X,1.0,16,1.0,0.0,False
I,identity,N/A,+,X,1.0,32,1.0,0.0,False
I,identity,N/A,+,X,1.0,40,1.0,0.0,False
X,Pauli,N/A,+,X,1.0,1,1.0,0.0,False
X,Pauli,N/A,+,X,1.0,2,1.0,0.0,False
X,Pauli,N/A,+,X,1.0,4,1.0,0.0,False
X,Pauli,N/A,+,X,1.0,8,1.0,0.0,False
X,Pauli,N/A,+,X,1.0,16,1.0,0.0,False
X,Pauli,N/A,+,X,1.0,32,1.0,0.0,False
X,Pauli,N/A,+,X,1.0,40,1.0,0.0,False
Y,Pauli,N/A,+,X,1.8202353171583768e-33,1,0.5,0.5,True
Y,Pauli,N/A,+,X,1.8202353171583768e-33,2,0.25,0.75,True
Y,Pauli,N/A,+,X,1.8202353171583768e-33,4,0.0625,0.9375,True
Y,Pauli,N/A,+,X,1.8202353171583768e-33,8,0.00390625,0.99609375,True
Y,Pauli,N/A,+,X,1.8202353171583768e-33,16,1.52587890625e-05,0.9999847412109375,True
Y,Pauli,N/A,+,X,1.8202353171583768e-33,32,2.3283064365386963e-10,0.9999999997671694,True
Y,Pauli,N/A,+,X,1.8202353171583768e-33,40,9.094947017729282e-13,0.9999999999990905,True
Z,Pauli,N/A,+,X,1.8202353171583768e-33,1,0.5,0.5,True
Z,Pauli,N/A,+,X,1.8202353171583768e-33,2,0.25,0.75,True
Z,Pauli,N/A,+,X,1.8202353171583768e-33,4,0.0625,0.9375,True
Z,Pauli,N/A,+,X,1.8202353171583768e-33,8,0.00390625,0.99609375,True
Z,Pauli,N/A,+,X,1.8202353171583768e-33,16,1.52587890625e-05,0.9999847412109375,True
Z,Pauli,N/A,+,X,1.8202353171583768e-33,32,2.3283064365386963e-10,0.9999999997671694,True
Z,Pauli,N/A,+,X,1.8202353171583768e-33,40,9.094947017729282e-13,0.9999999999990905,True
Rx(0.01),near-identity rotation,0.01,+,X,1.0,1,1.0,0.0,False
Rx(0.01),near-identity rotation,0.01,+,X,1.0,2,1.0,0.0,False
Rx(0.01),near-identity rotation,0.01,+,X,1.0,4,1.0,0.0,False
Rx(0.01),near-identity rotation,0.01,+,X,1.0,8,1.0,0.0,False
Rx(0.01),near-identity rotation,0.01,+,X,1.0,16,1.0,0.0,False
Rx(0.01),near-identity rotation,0.01,+,X,1.0,32,1.0,0.0,False
Rx(0.01),near-identity rotation,0.01,+,X,1.0,40,1.0,0.0,False
Rx(0.05),near-identity rotation,0.05,+,X,1.0,1,1.0,0.0,False
Rx(0.05),near-identity rotation,0.05,+,X,1.0,2,1.0,0.0,False
Rx(0.05),near-identity rotation,0.05,+,X,1.0,4,1.0,0.0,False
Rx(0.05),near-identity rotation,0.05,+,X,1.0,8,1.0,0.0,False
Rx(0.05),near-identity rotation,0.05,+,X,1.0,16,1.0,0.0,False
Rx(0.05),near-identity rotation,0.05,+,X,1.0,32,1.0,0.0,False
Rx(0.05),near-identity rotation,0.05,+,X,1.0,40,1.0,0.0,False
Rx(0.1),near-identity rotation,0.1,+,X,1.0,1,1.0,0.0,False
Rx(0.1),near-identity rotation,0.1,+,X,1.0,2,1.0,0.0,False
Rx(0.1),near-identity rotation,0.1,+,X,1.0,4,1.0,0.0,False
Rx(0.1),near-identity rotation,0.1,+,X,1.0,8,1.0,0.0,False
Rx(0.1),near-identity rotation,0.1,+,X,1.0,16,1.0,0.0,False
Rx(0.1),near-identity rotation,0.1,+,X,1.0,32,1.0,0.0,False
Rx(0.1),near-identity rotation,0.1,+,X,1.0,40,1.0,0.0,False
Rx(0.2),near-identity rotation,0.2,+,X,1.0,1,1.0,0.0,False
Rx(0.2),near-identity rotation,0.2,+,X,1.0,2,1.0,0.0,False
Rx(0.2),near-identity rotation,0.2,+,X,1.0,4,1.0,0.0,False
Rx(0.2),near-identity rotation,0.2,+,X,1.0,8,1.0,0.0,False
Rx(0.2),near-identity rotation,0.2,+,X,1.0,16,1.0,0.0,False
Rx(0.2),near-identity rotation,0.2,+,X,1.0,32,1.0,0.0,False
Rx(0.2),near-identity rotation,0.2,+,X,1.0,40,1.0,0.0,False
Rx(0.785398163397),rotation,0.7853981633974483,+,X,1.0,1,1.0,0.0,False
Rx(0.785398163397),rotation,0.7853981633974483,+,X,1.0,2,1.0,0.0,False
Rx(0.785398163397),rotation,0.7853981633974483,+,X,1.0,4,1.0,0.0,False
Rx(0.785398163397),rotation,0.7853981633974483,+,X,1.0,8,1.0,0.0,False
Rx(0.785398163397),rotation,0.7853981633974483,+,X,1.0,16,1.0,0.0,False
Rx(0.785398163397),rotation,0.7853981633974483,+,X,1.0,32,1.0,0.0,False
Rx(0.785398163397),rotation,0.7853981633974483,+,X,1.0,40,1.0,0.0,False
Rx(1.57079632679),rotation,1.5707963267948966,+,X,1.0,1,1.0,0.0,False
Rx(1.57079632679),rotation,1.5707963267948966,+,X,1.0,2,1.0,0.0,False
Rx(1.57079632679),rotation,1.5707963267948966,+,X,1.0,4,1.0,0.0,False
Rx(1.57079632679),rotation,1.5707963267948966,+,X,1.0,8,1.0,0.0,False
Rx(1.57079632679),rotation,1.5707963267948966,+,X,1.0,16,1.0,0.0,False
Rx(1.57079632679),rotation,1.5707963267948966,+,X,1.0,32,1.0,0.0,False
Rx(1.57079632679),rotation,1.5707963267948966,+,X,1.0,40,1.0,0.0,False
Rx(3.14159265359),rotation,3.141592653589793,+,X,1.0,1,1.0,0.0,False
Rx(3.14159265359),rotation,3.141592653589793,+,X,1.0,2,1.0,0.0,False
Rx(3.14159265359),rotation,3.141592653589793,+,X,1.0,4,1.0,0.0,False
Rx(3.14159265359),rotation,3.141592653589793,+,X,1.0,8,1.0,0.0,False
Rx(3.14159265359),rotation,3.141592653589793,+,X,1.0,16,1.0,0.0,False
Rx(3.14159265359),rotation,3.141592653589793,+,X,1.0,32,1.0,0.0,False
Rx(3.14159265359),rotation,3.141592653589793,+,X,1.0,40,1.0,0.0,False
Rz(0.01),near-identity rotation,0.01,+,X,0.9999750002083329,1,0.9999875001041665,1.2499895833517627e-05,False
Rz(0.01),near-identity rotation,0.01,+,X,0.9999750002083329,2,0.9999750003645803,2.499963541968686e-05,False
Rz(0.01),near-identity rotation,0.01,+,X,0.9999750002083329,4,0.9999500013541425,4.999864585752967e-05,False
Rz(0.01),near-identity rotation,0.01,+,X,0.9999750002083329,8,0.9999000052081496,9.999479185041071e-05,False
Rz(0.01),near-identity rotation,0.01,+,X,0.9999750002083329,16,0.9998000204152575,0.00019997958474249344,False
Rz(0.01),near-identity rotation,0.01,+,X,0.9999750002083329,32,0.9996000808223492,0.0003999191776508093,False
Rz(0.01),near-identity rotation,0.01,+,X,0.9999750002083329,40,0.9995001260203336,0.0004998739796664431,False
Rz(0.05),near-identity rotation,0.05,+,X,0.9993751301974833,1,0.9996875650987416,0.0003124349012584293,False
Rz(0.05),near-identity rotation,0.05,+,X,0.9993751301974833,2,0.9993752278130507,0.0006247721869493406,False
Rz(0.05),near-identity rotation,0.05,+,X,0.9993751301974833,4,0.998750845966387,0.0012491540336130313,False
Rz(0.05),near-identity rotation,0.05,+,X,0.9993751301974833,8,0.9975032523185736,0.002496747681426381,False
Rz(0.05),near-identity rotation,0.05,+,X,0.9993751301974833,16,0.9950127383861318,0.004987261613868199,False
Rz(0.05),near-identity rotation,0.05,+,X,0.9993751301974833,32,0.9900503495506688,0.00994965044933116,False
Rz(0.05),near-identity rotation,0.05,+,X,0.9993751301974833,40,0.9875784436359326,0.012421556364067388,False
Rz(0.1),near-identity rotation,0.1,+,X,0.9975020826390132,1,0.9987510413195066,0.0012489586804933506,False
Rz(0.1),near-identity rotation,0.1,+,X,0.9975020826390132,2,0.9975036425367989,0.002496357463201093,False
Rz(0.1),near-identity rotation,0.1,+,X,0.9975020826390132,4,0.9950135168741819,0.004986483125818064,False
Rz(0.1),near-identity rotation,0.1,+,X,0.9975020826390132,8,0.9900518987623279,0.009948101237672091,False
Rz(0.1),near-identity rotation,0.1,+,X,0.9975020826390132,16,0.9802027622428907,0.019797237757109287,False
Rz(0.1),near-identity rotation,0.1,+,X,0.9975020826390132,32,0.9607974551085927,0.03920254489140729,False
Rz(0.1),near-identity rotation,0.1,+,X,0.9975020826390132,40,0.9512393447562745,0.048760655243725526,False
Rz(0.2),near-identity rotation,0.2,+,X,0.9900332889206211,1,0.9950166444603106,0.004983355539689427,False
Rz(0.2),near-identity rotation,0.2,+,X,0.9900332889206211,2,0.990058122753056,0.009941877246943953,False
Rz(0.2),near-identity rotation,0.2,+,X,0.9900332889206211,4,0.9802150864293054,0.019784913570694562,False
Rz(0.2),near-identity rotation,0.2,+,X,0.9900332889206211,8,0.9608216156636107,0.039178384336389316,False
Rz(0.2),near-identity rotation,0.2,+,X,0.9900332889206211,16,0.9231781771264312,0.07682182287356876,False
Rz(0.2),near-identity rotation,0.2,+,X,0.9900332889206211,32,0.8522579467224807,0.14774205327751933,False
Rz(0.2),near-identity rotation,0.2,+,X,0.9900332889206211,40,0.8188678573320455,0.18113214266795452,False
Rz(0.785398163397),rotation,0.7853981633974483,+,X,0.853553390593274,1,0.926776695296637,0.07322330470336302,False
Rz(0.785398163397),rotation,0.7853981633974483,+,X,0.853553390593274,2,0.8589150429449555,0.14108495705504454,False
Rz(0.785398163397),rotation,0.7853981633974483,+,X,0.853553390593274,4,0.7377350509971348,0.26226494900286523,False
Rz(0.785398163397),rotation,0.7853981633974483,+,X,0.853553390593274,8,0.5442530054697449,0.45574699453025513,False
Rz(0.785398163397),rotation,0.7853981633974483,+,X,0.853553390593274,16,0.2962113339628502,0.7037886660371497,False
Rz(0.785398163397),rotation,0.7853981633974483,+,X,0.853553390593274,32,0.08774115436805117,0.9122588456319488,False
Rz(0.785398163397),rotation,0.7853981633974483,+,X,0.853553390593274,40,0.04775338696819671,0.9522466130318032,False
Rz(1.57079632679),rotation,1.5707963267948966,+,X,0.5000000000000002,1,0.7500000000000001,0.2499999999999999,False
Rz(1.57079632679),rotation,1.5707963267948966,+,X,0.5000000000000002,2,0.5625000000000002,0.4374999999999998,False
Rz(1.57079632679),rotation,1.5707963267948966,+,X,0.5000000000000002,4,0.3164062500000002,0.6835937499999998,False
Rz(1.57079632679),rotation,1.5707963267948966,+,X,0.5000000000000002,8,0.10011291503906262,0.8998870849609374,False
Rz(1.57079632679),rotation,1.5707963267948966,+,X,0.5000000000000002,16,0.010022595757618573,0.9899774042423815,False
Rz(1.57079632679),rotation,1.5707963267948966,+,X,0.5000000000000002,32,0.00010045242572063379,0.9998995475742793,False
Rz(1.57079632679),rotation,1.5707963267948966,+,X,0.5000000000000002,40,1.0056585161637561e-05,0.9999899434148384,False
Rz(3.14159265359),rotation,3.141592653589793,+,X,5.569634773813022e-33,1,0.5,0.5,True
Rz(3.14159265359),rotation,3.141592653589793,+,X,5.569634773813022e-33,2,0.25,0.75,True
Rz(3.14159265359),rotation,3.141592653589793,+,X,5.569634773813022e-33,4,0.0625,0.9375,True
Rz(3.14159265359),rotation,3.141592653589793,+,X,5.569634773813022e-33,8,0.00390625,0.99609375,True
Rz(3.14159265359),rotation,3.141592653589793,+,X,5.569634773813022e-33,16,1.52587890625e-05,0.9999847412109375,True
Rz(3.14159265359),rotation,3.141592653589793,+,X,5.569634773813022e-33,32,2.3283064365386963e-10,0.9999999997671694,True
Rz(3.14159265359),rotation,3.141592653589793,+,X,5.569634773813022e-33,40,9.094947017729282e-13,0.9999999999990905,True
